
{"error":false,"result":[{"id":"2016392","date":"091200","warning_category":"WARNING","warning_number":"2-FINAL","tc_type":"TROPICAL DEPRESSION","int_tc_name":"INFA","tc_number":"1526","includes_radar":"","location_latlng":"10.0,131.0","fcst":"West","fcst_value":"03","sea_condition":"MODERATE TO ROUGH","tc_radius":"150","extent":"From the Center","radiuselsewhere":"","ecp":"1004","maxwind":"13","secondradius":"","secondmps":"10","twofour":"10.0, 129.","foureight":"10.5, 129.","seventwo":"11.0, 128.","ninesix":"11.2, 128.","onetwozero":", ","prepared_by":"cfp","checked_by":"cfp","date_created":"2016-03-10 07:02:49"}]}